{
  "version": "1.0",
  "defaultProvider": "cdnjs",
  "libraries": [
    {
      "library": "bootstrap@5.2.3",
      "destination": "wwwroot/bootstrap/"
    },
    {
      "library": "jquery@3.7.0",
      "destination": "wwwroot/jquery/"
    },
    {
      "library": "jquery-validate@1.19.5",
      "destination": "wwwroot/jquery-validate/"
    },
    {
      "library": "jquery-validation-unobtrusive@4.0.0",
      "destination": "wwwroot/jquery-validation-unobtrusive/"
    }
  ]
}